Name,Job Experience,Educational Experience,Description of Current Startup
Alexander Schmidt,"Previously COO at TechInnovate, Senior Product Manager at WebSolutions","MBA from INSEAD, BSc in Computer Science from Technical University of Munich","An AI-based platform for personalized learning that adapts to students' learning styles and pace, focusing on STEM subjects for high school students."
Isabella Rossi,"Marketing Director at Creativa, Brand Manager at LuxeFashions","MSc in Marketing from Bocconi University, BA in Communications from University of Rome","A sustainable fashion marketplace that connects eco-conscious designers with consumers, offering verification of sustainable practices."
Elias Dupont,"Software Engineer at NextGenTech, Lead Developer at Innovative Solutions","MSc in Software Engineering from EPFL, BSc in Information Technology from Sorbonne University",A cybersecurity firm specializing in blockchain technology to secure transactions and protect against fraud in the fintech sector.
Sophia Müller,"Project Manager at GreenTech Solutions, Analyst at EcoEnergy","MA in Environmental Studies from University of Copenhagen, BA in Business Administration from Humboldt University of Berlin","Developing biodegradable packaging materials derived from seaweed, aimed at reducing plastic use in the food and beverage industry."
Lucas Moreau,"R&D Engineer at BioInnovate, Lab Technician at HealthTech","PhD in Biotechnology from ETH Zurich, MSc in Biology from University of Paris","A healthtech startup focusing on personalized nutrition through DNA analysis, offering tailored dietary recommendations."
Emma Johansson,"Content Strategist at MediaWorks, Editorial Assistant at The Daily News","MA in Journalism from Stockholm University, BA in English Literature from University of Gothenburg","A digital platform that leverages AI to curate personalized news content, aiming to combat fake news and provide reliable information."
Noah Kowalski,"Operations Manager at LogiChain, Supply Chain Analyst at FastMove","MBA from London Business School, BA in International Business from Warsaw School of Economics",A logistics and supply chain management platform using AI to optimize delivery routes and reduce carbon emissions.
Mia Nielsen,"UI/UX Designer at CreativeWeb, Graphic Designer at DesignStudio","MDes in Interaction Design from Royal College of Art, BA in Graphic Design from Copenhagen School of Design and Technology",Developing an app for mental health that uses interactive activities and mood tracking to offer personalized mental wellness guidance.
Liam Svensson,"Financial Analyst at CapitalMarkets, Investment Advisor at WealthManagement","MSc in Finance from Stockholm School of Economics, BSc in Economics from Lund University",A fintech startup offering an investment platform that integrates sustainable and ethical investing criteria for retail investors.
Olivia García,"Event Coordinator at GlobalEvents, PR Specialist at BrandingAgency","MA in Public Relations from University of Barcelona, BA in International Relations from Complutense University of Madrid","A virtual event platform that offers immersive experiences using AR and VR technologies, targeting corporate and educational sectors."
